USE master
GO

CREATE DATABASE SOF108
GO

use SOF108
GO

CREATE TABLE DEPARTAMENTOS
(
  ID_DEPARTAMENTO    int PRIMARY KEY,
  NOMBRE_DEPARTAMENTO  VARCHAR(30),
  ID_SUPERVISOR       int,
  ID_LOCACION      int
)


CREATE TABLE PUESTOS
(
  ID_PUESTO      VARCHAR(10 ) PRIMARY KEY ,
  TITULO_PUESTO   VARCHAR(35 ),
  SALARIO_MINIMO  int,
  SALARIO_MAXIMO  int
)


CREATE TABLE EMPLEADOS
(
  ID_EMPLEADO     int  PRIMARY KEY ,
  NOMBRE      VARCHAR(20),
  APELLIDO       VARCHAR(25),
  EMAIL           VARCHAR(25),
  NUMERO_TELEFONO    VARCHAR(20),
  FECHA_CONTRATO       DATEtime,
  ID_PUESTO          VARCHAR(10),
  SALARIO          int,
  COMISION  int,
  ID_SUPERVISOR      int,
  ID_DEPARTAMENTO   int
)


CREATE TABLE HISTORICO
(
  ID_EMPLEADO    int,
  FECHA_INICIO     DATEtime,
  FECHA_FIN       DATEtime,
  ID_PUESTO         VARCHAR(10 ),
  ID_DEPARTAMENTO  int
)


CREATE TABLE PAISES
(
  ID_PAIS    varCHAR(2)   PRIMARY KEY ,
  NOMBRE_PAIS  VARCHAR(40),
  ID_REGION     int 
 )


CREATE TABLE LOCACIONES
(
  ID_LOCACION     int  PRIMARY KEY ,
  DIRECCION  VARCHAR(40 ),
  CODIGO_POSTAL     VARCHAR(12 ),
  CIUDAD            VARCHAR(30 ),
  PROVINCIA  VARCHAR(25 ),
  ID_PAIS      varCHAR(2)
)


CREATE TABLE REGIONES
(
  ID_REGION    int   PRIMARY KEY ,
  NOMBRE_REGION  VARCHAR(25 )
)





Insert into PAISES
   (ID_PAIS, NOMBRE_PAIS, ID_REGION)
 Values
   ('AR', 'Argentina', 2)
Insert into PAISES
   (ID_PAIS, NOMBRE_PAIS, ID_REGION)
 Values
   ('AU', 'Australia', 3)
Insert into PAISES
   (ID_PAIS, NOMBRE_PAIS, ID_REGION)
 Values
   ('BE', 'Belgium', 1)
Insert into PAISES
   (ID_PAIS, NOMBRE_PAIS, ID_REGION)
 Values
   ('BR', 'Brazil', 2)
Insert into PAISES
   (ID_PAIS, NOMBRE_PAIS, ID_REGION)
 Values
   ('CA', 'Canada', 2)
Insert into PAISES
   (ID_PAIS, NOMBRE_PAIS, ID_REGION)
 Values
   ('CH', 'Switzerland', 1)
Insert into PAISES
   (ID_PAIS, NOMBRE_PAIS, ID_REGION)
 Values
   ('CN', 'China', 3)
Insert into PAISES
   (ID_PAIS, NOMBRE_PAIS, ID_REGION)
 Values
   ('DE', 'Germany', 1)
Insert into PAISES
   (ID_PAIS, NOMBRE_PAIS, ID_REGION)
 Values
   ('DK', 'Denmark', 1)
Insert into PAISES
   (ID_PAIS, NOMBRE_PAIS, ID_REGION)
 Values
   ('EG', 'Egypt', 4)
Insert into PAISES
   (ID_PAIS, NOMBRE_PAIS, ID_REGION)
 Values
   ('FR', 'France', 1)
Insert into PAISES
   (ID_PAIS, NOMBRE_PAIS, ID_REGION)
 Values
   ('HK', 'HongKong', 3)
Insert into PAISES
   (ID_PAIS, NOMBRE_PAIS, ID_REGION)
 Values
   ('IL', 'Israel', 4)
Insert into PAISES
   (ID_PAIS, NOMBRE_PAIS, ID_REGION)
 Values
   ('IN', 'India', 3)
Insert into PAISES
   (ID_PAIS, NOMBRE_PAIS, ID_REGION)
 Values
   ('IT', 'Italy', 1)
Insert into PAISES
   (ID_PAIS, NOMBRE_PAIS, ID_REGION)
 Values
   ('JP', 'Japan', 3)
Insert into PAISES
   (ID_PAIS, NOMBRE_PAIS, ID_REGION)
 Values
   ('KW', 'Kuwait', 4)
Insert into PAISES
   (ID_PAIS, NOMBRE_PAIS, ID_REGION)
 Values
   ('MX', 'Mexico', 2)
Insert into PAISES
   (ID_PAIS, NOMBRE_PAIS, ID_REGION)
 Values
   ('NG', 'Nigeria', 4)
Insert into PAISES
   (ID_PAIS, NOMBRE_PAIS, ID_REGION)
 Values
   ('NL', 'Netherlands', 1)
Insert into PAISES
   (ID_PAIS, NOMBRE_PAIS, ID_REGION)
 Values
   ('SG', 'Singapore', 3)
Insert into PAISES
   (ID_PAIS, NOMBRE_PAIS, ID_REGION)
 Values
   ('UK', 'United Kingdom', 1)
Insert into PAISES
   (ID_PAIS, NOMBRE_PAIS, ID_REGION)
 Values
   ('US', 'United States of America', 2)
Insert into PAISES
   (ID_PAIS, NOMBRE_PAIS, ID_REGION)
 Values
   ('ZM', 'Zambia', 4)
Insert into PAISES
   (ID_PAIS, NOMBRE_PAIS, ID_REGION)
 Values
   ('ZW', 'Zimbabwe', 4)







Insert into DEPARTAMENTOS
   (ID_DEPARTAMENTO, NOMBRE_DEPARTAMENTO, ID_SUPERVISOR, ID_LOCACION)
 Values
   (10, 'Administration', 200, 1700)
Insert into DEPARTAMENTOS
   (ID_DEPARTAMENTO, NOMBRE_DEPARTAMENTO, ID_SUPERVISOR, ID_LOCACION)
 Values
   (20, 'Marketing', 201, 1800)
Insert into DEPARTAMENTOS
   (ID_DEPARTAMENTO, NOMBRE_DEPARTAMENTO, ID_SUPERVISOR, ID_LOCACION)
 Values
   (30, 'Purchasing', 114, 1700)
Insert into DEPARTAMENTOS
   (ID_DEPARTAMENTO, NOMBRE_DEPARTAMENTO, ID_SUPERVISOR, ID_LOCACION)
 Values
   (40, 'Human Resources', 203, 2400)
Insert into DEPARTAMENTOS
   (ID_DEPARTAMENTO, NOMBRE_DEPARTAMENTO, ID_SUPERVISOR, ID_LOCACION)
 Values
   (50, 'Shipping', 121, 1500)
Insert into DEPARTAMENTOS
   (ID_DEPARTAMENTO, NOMBRE_DEPARTAMENTO, ID_SUPERVISOR, ID_LOCACION)
 Values
   (60, 'IT', 103, 1400)
Insert into DEPARTAMENTOS
   (ID_DEPARTAMENTO, NOMBRE_DEPARTAMENTO, ID_SUPERVISOR, ID_LOCACION)
 Values
   (70, 'Public Relations', 204, 2700)
Insert into DEPARTAMENTOS
   (ID_DEPARTAMENTO, NOMBRE_DEPARTAMENTO, ID_SUPERVISOR, ID_LOCACION)
 Values
   (80, 'Sales', 145, 2500)
Insert into DEPARTAMENTOS
   (ID_DEPARTAMENTO, NOMBRE_DEPARTAMENTO, ID_SUPERVISOR, ID_LOCACION)
 Values
   (90, 'Executive', 100, 1700)
Insert into DEPARTAMENTOS
   (ID_DEPARTAMENTO, NOMBRE_DEPARTAMENTO, ID_SUPERVISOR, ID_LOCACION)
 Values
   (100, 'Finance', 108, 1700)
Insert into DEPARTAMENTOS
   (ID_DEPARTAMENTO, NOMBRE_DEPARTAMENTO, ID_SUPERVISOR, ID_LOCACION)
 Values
   (110, 'Accounting', 205, 1700)
Insert into DEPARTAMENTOS
   (ID_DEPARTAMENTO, NOMBRE_DEPARTAMENTO, ID_LOCACION)
 Values
   (120, 'Treasury', 1700)
Insert into DEPARTAMENTOS
   (ID_DEPARTAMENTO, NOMBRE_DEPARTAMENTO, ID_LOCACION)
 Values
   (130, 'Corporate Tax', 1700)
Insert into DEPARTAMENTOS
   (ID_DEPARTAMENTO, NOMBRE_DEPARTAMENTO, ID_LOCACION)
 Values
   (140, 'Control And Credit', 1700)
Insert into DEPARTAMENTOS
   (ID_DEPARTAMENTO, NOMBRE_DEPARTAMENTO, ID_LOCACION)
 Values
   (150, 'Shareholder Services', 1700)
Insert into DEPARTAMENTOS
   (ID_DEPARTAMENTO, NOMBRE_DEPARTAMENTO, ID_LOCACION)
 Values
   (160, 'Benefits', 1700)
Insert into DEPARTAMENTOS
   (ID_DEPARTAMENTO, NOMBRE_DEPARTAMENTO, ID_LOCACION)
 Values
   (170, 'Manufacturing', 1700)
Insert into DEPARTAMENTOS
   (ID_DEPARTAMENTO, NOMBRE_DEPARTAMENTO, ID_LOCACION)
 Values
   (180, 'Construction', 1700)
Insert into DEPARTAMENTOS
   (ID_DEPARTAMENTO, NOMBRE_DEPARTAMENTO, ID_LOCACION)
 Values
   (190, 'Contracting', 1700)
Insert into DEPARTAMENTOS
   (ID_DEPARTAMENTO, NOMBRE_DEPARTAMENTO, ID_LOCACION)
 Values
   (200, 'Operations', 1700)
Insert into DEPARTAMENTOS
   (ID_DEPARTAMENTO, NOMBRE_DEPARTAMENTO, ID_LOCACION)
 Values
   (210, 'IT Support', 1700)
Insert into DEPARTAMENTOS
   (ID_DEPARTAMENTO, NOMBRE_DEPARTAMENTO, ID_LOCACION)
 Values
   (220, 'NOC', 1700)
Insert into DEPARTAMENTOS
   (ID_DEPARTAMENTO, NOMBRE_DEPARTAMENTO, ID_LOCACION)
 Values
   (230, 'IT Helpdesk', 1700)
Insert into DEPARTAMENTOS
   (ID_DEPARTAMENTO, NOMBRE_DEPARTAMENTO, ID_LOCACION)
 Values
   (240, 'Government Sales', 1700)
Insert into DEPARTAMENTOS
   (ID_DEPARTAMENTO, NOMBRE_DEPARTAMENTO, ID_LOCACION)
 Values
   (250, 'Retail Sales', 1700)
Insert into DEPARTAMENTOS
   (ID_DEPARTAMENTO, NOMBRE_DEPARTAMENTO, ID_LOCACION)
 Values
   (260, 'Recruiting', 1700)
Insert into DEPARTAMENTOS
   (ID_DEPARTAMENTO, NOMBRE_DEPARTAMENTO, ID_LOCACION)
 Values
   (270, 'Payroll', 1700)






Insert into EMPLEADOS
   (ID_EMPLEADO, NOMBRE, APELLIDO, EMAIL, NUMERO_TELEFONO, 
    FECHA_CONTRATO, ID_PUESTO, SALARIO, ID_DEPARTAMENTO)
 Values
   (100, 'Steven', 'King', 'SKING', '515.123.4567', 
    '06/17/1987', 'AD_PRES', 24000, 90)
Insert into EMPLEADOS
   (ID_EMPLEADO, NOMBRE, APELLIDO, EMAIL, NUMERO_TELEFONO, 
    FECHA_CONTRATO, ID_PUESTO, SALARIO, ID_SUPERVISOR, ID_DEPARTAMENTO)
 Values
   (101, 'Neena', 'Kochhar', 'NKOCHHAR', '515.123.4568', 
    '09/21/1989', 'AD_VP', 17000, 100, 90)
Insert into EMPLEADOS
   (ID_EMPLEADO, NOMBRE, APELLIDO, EMAIL, NUMERO_TELEFONO, 
    FECHA_CONTRATO, ID_PUESTO, SALARIO, ID_SUPERVISOR, ID_DEPARTAMENTO)
 Values
   (102, 'Lex', 'De Haan', 'LDEHAAN', '515.123.4569', 
    '01/13/1993', 'AD_VP', 17000, 100, 90)
Insert into EMPLEADOS
   (ID_EMPLEADO, NOMBRE, APELLIDO, EMAIL, NUMERO_TELEFONO, 
    FECHA_CONTRATO, ID_PUESTO, SALARIO, ID_SUPERVISOR, ID_DEPARTAMENTO)
 Values
   (103, 'Alexander', 'Hunold', 'AHUNOLD', '590.423.4567', 
    '01/03/1990', 'IT_PROG', 9000, 102, 60)
Insert into EMPLEADOS
   (ID_EMPLEADO, NOMBRE, APELLIDO, EMAIL, NUMERO_TELEFONO, 
    FECHA_CONTRATO, ID_PUESTO, SALARIO, ID_SUPERVISOR, ID_DEPARTAMENTO)
 Values
   (104, 'Bruce', 'Ernst', 'BERNST', '590.423.4568', 
    '05/21/1991', 'IT_PROG', 6000, 103, 60)
Insert into EMPLEADOS
   (ID_EMPLEADO, NOMBRE, APELLIDO, EMAIL, NUMERO_TELEFONO, 
    FECHA_CONTRATO, ID_PUESTO, SALARIO, ID_SUPERVISOR, ID_DEPARTAMENTO)
 Values
   (105, 'David', 'Austin', 'DAUSTIN', '590.423.4569', 
    '06/25/1997', 'IT_PROG', 4800, 103, 60)
Insert into EMPLEADOS
   (ID_EMPLEADO, NOMBRE, APELLIDO, EMAIL, NUMERO_TELEFONO, 
    FECHA_CONTRATO, ID_PUESTO, SALARIO, ID_SUPERVISOR, ID_DEPARTAMENTO)
 Values
   (106, 'Valli', 'Pataballa', 'VPATABAL', '590.423.4560', 
    '02/05/1998', 'IT_PROG', 4800, 103, 60)
Insert into EMPLEADOS
   (ID_EMPLEADO, NOMBRE, APELLIDO, EMAIL, NUMERO_TELEFONO, 
    FECHA_CONTRATO, ID_PUESTO, SALARIO, ID_SUPERVISOR, ID_DEPARTAMENTO)
 Values
   (107, 'Diana', 'Lorentz', 'DLORENTZ', '590.423.5567', 
    '02/07/1999', 'IT_PROG', 4200, 103, 60)
Insert into EMPLEADOS
   (ID_EMPLEADO, NOMBRE, APELLIDO, EMAIL, NUMERO_TELEFONO, 
    FECHA_CONTRATO, ID_PUESTO, SALARIO, ID_SUPERVISOR, ID_DEPARTAMENTO)
 Values
   (108, 'Nancy', 'Greenberg', 'NGREENBE', '515.124.4569', 
    '08/17/1994', 'FI_MGR', 12000, 101, 100)
Insert into EMPLEADOS
   (ID_EMPLEADO, NOMBRE, APELLIDO, EMAIL, NUMERO_TELEFONO, 
    FECHA_CONTRATO, ID_PUESTO, SALARIO, ID_SUPERVISOR, ID_DEPARTAMENTO)
 Values
   (109, 'Daniel', 'Faviet', 'DFAVIET', '515.124.4169', 
    '08/16/1994', 'FI_ACCOUNT', 9000, 108, 100)
Insert into EMPLEADOS
   (ID_EMPLEADO, NOMBRE, APELLIDO, EMAIL, NUMERO_TELEFONO, 
    FECHA_CONTRATO, ID_PUESTO, SALARIO, ID_SUPERVISOR, ID_DEPARTAMENTO)
 Values
   (110, 'John', 'Chen', 'JCHEN', '515.124.4269', 
    '09/28/1997', 'FI_ACCOUNT', 8200, 108, 100)
Insert into EMPLEADOS
   (ID_EMPLEADO, NOMBRE, APELLIDO, EMAIL, NUMERO_TELEFONO, 
    FECHA_CONTRATO, ID_PUESTO, SALARIO, ID_SUPERVISOR, ID_DEPARTAMENTO)
 Values
   (111, 'Ismael', 'Sciarra', 'ISCIARRA', '515.124.4369', 
    '09/30/1997', 'FI_ACCOUNT', 7700, 108, 100)
Insert into EMPLEADOS
   (ID_EMPLEADO, NOMBRE, APELLIDO, EMAIL, NUMERO_TELEFONO, 
    FECHA_CONTRATO, ID_PUESTO, SALARIO, ID_SUPERVISOR, ID_DEPARTAMENTO)
 Values
   (112, 'Jose Manuel', 'Urman', 'JMURMAN', '515.124.4469', 
    '03/07/1998', 'FI_ACCOUNT', 7800, 108, 100)
Insert into EMPLEADOS
   (ID_EMPLEADO, NOMBRE, APELLIDO, EMAIL, NUMERO_TELEFONO, 
    FECHA_CONTRATO, ID_PUESTO, SALARIO, ID_SUPERVISOR, ID_DEPARTAMENTO)
 Values
   (113, 'Luis', 'Popp', 'LPOPP', '515.124.4567', 
    '12/07/1999', 'FI_ACCOUNT', 6900, 108, 100)
Insert into EMPLEADOS
   (ID_EMPLEADO, NOMBRE, APELLIDO, EMAIL, NUMERO_TELEFONO, 
    FECHA_CONTRATO, ID_PUESTO, SALARIO, ID_SUPERVISOR, ID_DEPARTAMENTO)
 Values
   (114, 'Den', 'Raphaely', 'DRAPHEAL', '515.127.4561', 
    '12/07/1994', 'PU_MAN', 11000, 100, 30)
Insert into EMPLEADOS
   (ID_EMPLEADO, NOMBRE, APELLIDO, EMAIL, NUMERO_TELEFONO, 
    FECHA_CONTRATO, ID_PUESTO, SALARIO, ID_SUPERVISOR, ID_DEPARTAMENTO)
 Values
   (115, 'Alexander', 'Khoo', 'AKHOO', '515.127.4562', 
    '05/18/1995', 'PU_CLERK', 3100, 114, 30)
Insert into EMPLEADOS
   (ID_EMPLEADO, NOMBRE, APELLIDO, EMAIL, NUMERO_TELEFONO, 
    FECHA_CONTRATO, ID_PUESTO, SALARIO, ID_SUPERVISOR, ID_DEPARTAMENTO)
 Values
   (116, 'Shelli', 'Baida', 'SBAIDA', '515.127.4563', 
    '12/24/1997', 'PU_CLERK', 2900, 114, 30)
Insert into EMPLEADOS
   (ID_EMPLEADO, NOMBRE, APELLIDO, EMAIL, NUMERO_TELEFONO, 
    FECHA_CONTRATO, ID_PUESTO, SALARIO, ID_SUPERVISOR, ID_DEPARTAMENTO)
 Values
   (117, 'Sigal', 'Tobias', 'STOBIAS', '515.127.4564', 
    '07/24/1997', 'PU_CLERK', 2800, 114, 30)
Insert into EMPLEADOS
   (ID_EMPLEADO, NOMBRE, APELLIDO, EMAIL, NUMERO_TELEFONO, 
    FECHA_CONTRATO, ID_PUESTO, SALARIO, ID_SUPERVISOR, ID_DEPARTAMENTO)
 Values
   (118, 'Guy', 'Himuro', 'GHIMURO', '515.127.4565', 
    '11/15/1998', 'PU_CLERK', 2600, 114, 30)
Insert into EMPLEADOS
   (ID_EMPLEADO, NOMBRE, APELLIDO, EMAIL, NUMERO_TELEFONO, 
    FECHA_CONTRATO, ID_PUESTO, SALARIO, ID_SUPERVISOR, ID_DEPARTAMENTO)
 Values
   (119, 'Karen', 'Colmenares', 'KCOLMENA', '515.127.4566', 
    '08/10/1999', 'PU_CLERK', 2500, 114, 30)
Insert into EMPLEADOS
   (ID_EMPLEADO, NOMBRE, APELLIDO, EMAIL, NUMERO_TELEFONO, 
    FECHA_CONTRATO, ID_PUESTO, SALARIO, ID_SUPERVISOR, ID_DEPARTAMENTO)
 Values
   (120, 'Matthew', 'Weiss', 'MWEISS', '650.123.1234', 
    '07/18/1996', 'ST_MAN', 8000, 100, 50)
Insert into EMPLEADOS
   (ID_EMPLEADO, NOMBRE, APELLIDO, EMAIL, NUMERO_TELEFONO, 
    FECHA_CONTRATO, ID_PUESTO, SALARIO, ID_SUPERVISOR, ID_DEPARTAMENTO)
 Values
   (121, 'Adam', 'Fripp', 'AFRIPP', '650.123.2234', 
    '04/10/1997', 'ST_MAN', 8200, 100, 50)
Insert into EMPLEADOS
   (ID_EMPLEADO, NOMBRE, APELLIDO, EMAIL, NUMERO_TELEFONO, 
    FECHA_CONTRATO, ID_PUESTO, SALARIO, ID_SUPERVISOR, ID_DEPARTAMENTO)
 Values
   (122, 'Payam', 'Kaufling', 'PKAUFLIN', '650.123.3234', 
    '05/01/1995', 'ST_MAN', 7900, 100, 50)
Insert into EMPLEADOS
   (ID_EMPLEADO, NOMBRE, APELLIDO, EMAIL, NUMERO_TELEFONO, 
    FECHA_CONTRATO, ID_PUESTO, SALARIO, ID_SUPERVISOR, ID_DEPARTAMENTO)
 Values
   (123, 'Shanta', 'Vollman', 'SVOLLMAN', '650.123.4234', 
    '10/10/1997', 'ST_MAN', 6500, 100, 50)
Insert into EMPLEADOS
   (ID_EMPLEADO, NOMBRE, APELLIDO, EMAIL, NUMERO_TELEFONO, 
    FECHA_CONTRATO, ID_PUESTO, SALARIO, ID_SUPERVISOR, ID_DEPARTAMENTO)
 Values
   (124, 'Kevin', 'Mourgos', 'KMOURGOS', '650.123.5234', 
    '11/16/1999', 'ST_MAN', 5800, 100, 50)
Insert into EMPLEADOS
   (ID_EMPLEADO, NOMBRE, APELLIDO, EMAIL, NUMERO_TELEFONO, 
    FECHA_CONTRATO, ID_PUESTO, SALARIO, ID_SUPERVISOR, ID_DEPARTAMENTO)
 Values
   (125, 'Julia', 'Nayer', 'JNAYER', '650.124.1214', 
    '07/16/1997', 'ST_CLERK', 3200, 120, 50)
Insert into EMPLEADOS
   (ID_EMPLEADO, NOMBRE, APELLIDO, EMAIL, NUMERO_TELEFONO, 
    FECHA_CONTRATO, ID_PUESTO, SALARIO, ID_SUPERVISOR, ID_DEPARTAMENTO)
 Values
   (126, 'Irene', 'Mikkilineni', 'IMIKKILI', '650.124.1224', 
    '09/28/1998', 'ST_CLERK', 2700, 120, 50)
Insert into EMPLEADOS
   (ID_EMPLEADO, NOMBRE, APELLIDO, EMAIL, NUMERO_TELEFONO, 
    FECHA_CONTRATO, ID_PUESTO, SALARIO, ID_SUPERVISOR, ID_DEPARTAMENTO)
 Values
   (127, 'James', 'Landry', 'JLANDRY', '650.124.1334', 
    '01/14/1999', 'ST_CLERK', 2400, 120, 50)
Insert into EMPLEADOS
   (ID_EMPLEADO, NOMBRE, APELLIDO, EMAIL, NUMERO_TELEFONO, 
    FECHA_CONTRATO, ID_PUESTO, SALARIO, ID_SUPERVISOR, ID_DEPARTAMENTO)
 Values
   (128, 'Steven', 'Markle', 'SMARKLE', '650.124.1434', 
    '03/08/2000', 'ST_CLERK', 2200, 120, 50)
Insert into EMPLEADOS
   (ID_EMPLEADO, NOMBRE, APELLIDO, EMAIL, NUMERO_TELEFONO, 
    FECHA_CONTRATO, ID_PUESTO, SALARIO, ID_SUPERVISOR, ID_DEPARTAMENTO)
 Values
   (129, 'Laura', 'Bissot', 'LBISSOT', '650.124.5234', 
    '08/20/1997', 'ST_CLERK', 3300, 121, 50)
Insert into EMPLEADOS
   (ID_EMPLEADO, NOMBRE, APELLIDO, EMAIL, NUMERO_TELEFONO, 
    FECHA_CONTRATO, ID_PUESTO, SALARIO, ID_SUPERVISOR, ID_DEPARTAMENTO)
 Values
   (130, 'Mozhe', 'Atkinson', 'MATKINSO', '650.124.6234', 
    '10/30/1997', 'ST_CLERK', 2800, 121, 50)
Insert into EMPLEADOS
   (ID_EMPLEADO, NOMBRE, APELLIDO, EMAIL, NUMERO_TELEFONO, 
    FECHA_CONTRATO, ID_PUESTO, SALARIO, ID_SUPERVISOR, ID_DEPARTAMENTO)
 Values
   (131, 'James', 'Marlow', 'JAMRLOW', '650.124.7234', 
    '02/16/1997', 'ST_CLERK', 2500, 121, 50)
Insert into EMPLEADOS
   (ID_EMPLEADO, NOMBRE, APELLIDO, EMAIL, NUMERO_TELEFONO, 
    FECHA_CONTRATO, ID_PUESTO, SALARIO, ID_SUPERVISOR, ID_DEPARTAMENTO)
 Values
   (132, 'TJ', 'Olson', 'TJOLSON', '650.124.8234', 
    '04/10/1999', 'ST_CLERK', 2100, 121, 50)
Insert into EMPLEADOS
   (ID_EMPLEADO, NOMBRE, APELLIDO, EMAIL, NUMERO_TELEFONO, 
    FECHA_CONTRATO, ID_PUESTO, SALARIO, ID_SUPERVISOR, ID_DEPARTAMENTO)
 Values
   (133, 'Jason', 'Mallin', 'JMALLIN', '650.127.1934', 
    '06/14/1996', 'ST_CLERK', 3300, 122, 50)
Insert into EMPLEADOS
   (ID_EMPLEADO, NOMBRE, APELLIDO, EMAIL, NUMERO_TELEFONO, 
    FECHA_CONTRATO, ID_PUESTO, SALARIO, ID_SUPERVISOR, ID_DEPARTAMENTO)
 Values
   (134, 'Michael', 'Rogers', 'MROGERS', '650.127.1834', 
    '08/26/1998', 'ST_CLERK', 2900, 122, 50)
Insert into EMPLEADOS
   (ID_EMPLEADO, NOMBRE, APELLIDO, EMAIL, NUMERO_TELEFONO, 
    FECHA_CONTRATO, ID_PUESTO, SALARIO, ID_SUPERVISOR, ID_DEPARTAMENTO)
 Values
   (135, 'Ki', 'Gee', 'KGEE', '650.127.1734', 
    '12/12/1999', 'ST_CLERK', 2400, 122, 50)
Insert into EMPLEADOS
   (ID_EMPLEADO, NOMBRE, APELLIDO, EMAIL, NUMERO_TELEFONO, 
    FECHA_CONTRATO, ID_PUESTO, SALARIO, ID_SUPERVISOR, ID_DEPARTAMENTO)
 Values
   (136, 'Hazel', 'Philtanker', 'HPHILTAN', '650.127.1634', 
    '02/06/2000', 'ST_CLERK', 2200, 122, 50)
Insert into EMPLEADOS
   (ID_EMPLEADO, NOMBRE, APELLIDO, EMAIL, NUMERO_TELEFONO, 
    FECHA_CONTRATO, ID_PUESTO, SALARIO, ID_SUPERVISOR, ID_DEPARTAMENTO)
 Values
   (137, 'Renske', 'Ladwig', 'RLADWIG', '650.121.1234', 
    '07/14/1995', 'ST_CLERK', 3600, 123, 50)
Insert into EMPLEADOS
   (ID_EMPLEADO, NOMBRE, APELLIDO, EMAIL, NUMERO_TELEFONO, 
    FECHA_CONTRATO, ID_PUESTO, SALARIO, ID_SUPERVISOR, ID_DEPARTAMENTO)
 Values
   (138, 'Stephen', 'Stiles', 'SSTILES', '650.121.2034', 
    '10/26/1997', 'ST_CLERK', 3200, 123, 50)
Insert into EMPLEADOS
   (ID_EMPLEADO, NOMBRE, APELLIDO, EMAIL, NUMERO_TELEFONO, 
    FECHA_CONTRATO, ID_PUESTO, SALARIO, ID_SUPERVISOR, ID_DEPARTAMENTO)
 Values
   (139, 'John', 'Seo', 'JSEO', '650.121.2019', 
    '02/12/1998', 'ST_CLERK', 2700, 123, 50)
Insert into EMPLEADOS
   (ID_EMPLEADO, NOMBRE, APELLIDO, EMAIL, NUMERO_TELEFONO, 
    FECHA_CONTRATO, ID_PUESTO, SALARIO, ID_SUPERVISOR, ID_DEPARTAMENTO)
 Values
   (140, 'Joshua', 'Patel', 'JPATEL', '650.121.1834', 
    '04/06/1998', 'ST_CLERK', 2500, 123, 50)
Insert into EMPLEADOS
   (ID_EMPLEADO, NOMBRE, APELLIDO, EMAIL, NUMERO_TELEFONO, 
    FECHA_CONTRATO, ID_PUESTO, SALARIO, ID_SUPERVISOR, ID_DEPARTAMENTO)
 Values
   (141, 'Trenna', 'Rajs', 'TRAJS', '650.121.8009', 
    '10/17/1995', 'ST_CLERK', 3500, 124, 50)
Insert into EMPLEADOS
   (ID_EMPLEADO, NOMBRE, APELLIDO, EMAIL, NUMERO_TELEFONO, 
    FECHA_CONTRATO, ID_PUESTO, SALARIO, ID_SUPERVISOR, ID_DEPARTAMENTO)
 Values
   (142, 'Curtis', 'Davies', 'CDAVIES', '650.121.2994', 
    '01/29/1997', 'ST_CLERK', 3100, 124, 50)
Insert into EMPLEADOS
   (ID_EMPLEADO, NOMBRE, APELLIDO, EMAIL, NUMERO_TELEFONO, 
    FECHA_CONTRATO, ID_PUESTO, SALARIO, ID_SUPERVISOR, ID_DEPARTAMENTO)
 Values
   (143, 'Randall', 'Matos', 'RMATOS', '650.121.2874', 
    '03/15/1998', 'ST_CLERK', 2600, 124, 50)
Insert into EMPLEADOS
   (ID_EMPLEADO, NOMBRE, APELLIDO, EMAIL, NUMERO_TELEFONO, 
    FECHA_CONTRATO, ID_PUESTO, SALARIO, ID_SUPERVISOR, ID_DEPARTAMENTO)
 Values
   (144, 'Peter', 'Vargas', 'PVARGAS', '650.121.2004', 
    '07/09/1998', 'ST_CLERK', 2500, 124, 50)
Insert into EMPLEADOS
   (ID_EMPLEADO, NOMBRE, APELLIDO, EMAIL, NUMERO_TELEFONO, 
    FECHA_CONTRATO, ID_PUESTO, SALARIO, COMISION, ID_SUPERVISOR, 
    ID_DEPARTAMENTO)
 Values
   (145, 'John', 'Russell', 'JRUSSEL', '011.44.1344.429268', 
    '10/01/1996', 'SA_MAN', 14000, 0.4, 100, 
    80)
Insert into EMPLEADOS
   (ID_EMPLEADO, NOMBRE, APELLIDO, EMAIL, NUMERO_TELEFONO, 
    FECHA_CONTRATO, ID_PUESTO, SALARIO, COMISION, ID_SUPERVISOR, 
    ID_DEPARTAMENTO)
 Values
   (146, 'Karen', 'Partners', 'KPARTNER', '011.44.1344.467268', 
    '01/05/1997', 'SA_MAN', 13500, 0.3, 100, 
    80)
Insert into EMPLEADOS
   (ID_EMPLEADO, NOMBRE, APELLIDO, EMAIL, NUMERO_TELEFONO, 
    FECHA_CONTRATO, ID_PUESTO, SALARIO, COMISION, ID_SUPERVISOR, 
    ID_DEPARTAMENTO)
 Values
   (147, 'Alberto', 'Errazuriz', 'AERRAZUR', '011.44.1344.429278', 
    '03/10/1997', 'SA_MAN', 12000, 0.3, 100, 
    80)
Insert into EMPLEADOS
   (ID_EMPLEADO, NOMBRE, APELLIDO, EMAIL, NUMERO_TELEFONO, 
    FECHA_CONTRATO, ID_PUESTO, SALARIO, COMISION, ID_SUPERVISOR, 
    ID_DEPARTAMENTO)
 Values
   (148, 'Gerald', 'Cambrault', 'GCAMBRAU', '011.44.1344.619268', 
    '10/15/1999', 'SA_MAN', 11000, 0.3, 100, 
    80)
Insert into EMPLEADOS
   (ID_EMPLEADO, NOMBRE, APELLIDO, EMAIL, NUMERO_TELEFONO, 
    FECHA_CONTRATO, ID_PUESTO, SALARIO, COMISION, ID_SUPERVISOR, 
    ID_DEPARTAMENTO)
 Values
   (149, 'Eleni', 'Zlotkey', 'EZLOTKEY', '011.44.1344.429018', 
    '01/29/2000', 'SA_MAN', 10500, 0.2, 100, 
    80)
Insert into EMPLEADOS
   (ID_EMPLEADO, NOMBRE, APELLIDO, EMAIL, NUMERO_TELEFONO, 
    FECHA_CONTRATO, ID_PUESTO, SALARIO, COMISION, ID_SUPERVISOR, 
    ID_DEPARTAMENTO)
 Values
   (150, 'Peter', 'Tucker', 'PTUCKER', '011.44.1344.129268', 
    '01/30/1997', 'SA_REP', 10000, 0.3, 145, 
    80)
Insert into EMPLEADOS
   (ID_EMPLEADO, NOMBRE, APELLIDO, EMAIL, NUMERO_TELEFONO, 
    FECHA_CONTRATO, ID_PUESTO, SALARIO, COMISION, ID_SUPERVISOR, 
    ID_DEPARTAMENTO)
 Values
   (151, 'David', 'Bernstein', 'DBERNSTE', '011.44.1344.345268', 
    '03/24/1997', 'SA_REP', 9500, 0.25, 145, 
    80)
Insert into EMPLEADOS
   (ID_EMPLEADO, NOMBRE, APELLIDO, EMAIL, NUMERO_TELEFONO, 
    FECHA_CONTRATO, ID_PUESTO, SALARIO, COMISION, ID_SUPERVISOR, 
    ID_DEPARTAMENTO)
 Values
   (152, 'Peter', 'Hall', 'PHALL', '011.44.1344.478968', 
    '08/20/1997', 'SA_REP', 9000, 0.25, 145, 
    80)
Insert into EMPLEADOS
   (ID_EMPLEADO, NOMBRE, APELLIDO, EMAIL, NUMERO_TELEFONO, 
    FECHA_CONTRATO, ID_PUESTO, SALARIO, COMISION, ID_SUPERVISOR, 
    ID_DEPARTAMENTO)
 Values
   (153, 'Christopher', 'Olsen', 'COLSEN', '011.44.1344.498718', 
    '03/30/1998', 'SA_REP', 8000, 0.2, 145, 
    80)
Insert into EMPLEADOS
   (ID_EMPLEADO, NOMBRE, APELLIDO, EMAIL, NUMERO_TELEFONO, 
    FECHA_CONTRATO, ID_PUESTO, SALARIO, COMISION, ID_SUPERVISOR, 
    ID_DEPARTAMENTO)
 Values
   (154, 'Nanette', 'Cambrault', 'NCAMBRAU', '011.44.1344.987668', 
    '12/09/1998', 'SA_REP', 7500, 0.2, 145, 
    80)
Insert into EMPLEADOS
   (ID_EMPLEADO, NOMBRE, APELLIDO, EMAIL, NUMERO_TELEFONO, 
    FECHA_CONTRATO, ID_PUESTO, SALARIO, COMISION, ID_SUPERVISOR, 
    ID_DEPARTAMENTO)
 Values
   (155, 'Oliver', 'Tuvault', 'OTUVAULT', '011.44.1344.486508', 
    '11/23/1999', 'SA_REP', 7000, 0.15, 145, 
    80)
Insert into EMPLEADOS
   (ID_EMPLEADO, NOMBRE, APELLIDO, EMAIL, NUMERO_TELEFONO, 
    FECHA_CONTRATO, ID_PUESTO, SALARIO, COMISION, ID_SUPERVISOR, 
    ID_DEPARTAMENTO)
 Values
   (156, 'Janette', 'King', 'JKING', '011.44.1345.429268', 
    '01/30/1996', 'SA_REP', 10000, 0.35, 146, 
    80)
Insert into EMPLEADOS
   (ID_EMPLEADO, NOMBRE, APELLIDO, EMAIL, NUMERO_TELEFONO, 
    FECHA_CONTRATO, ID_PUESTO, SALARIO, COMISION, ID_SUPERVISOR, 
    ID_DEPARTAMENTO)
 Values
   (157, 'Patrick', 'Sully', 'PSULLY', '011.44.1345.929268', 
    '03/04/1996', 'SA_REP', 9500, 0.35, 146, 
    80)
Insert into EMPLEADOS
   (ID_EMPLEADO, NOMBRE, APELLIDO, EMAIL, NUMERO_TELEFONO, 
    FECHA_CONTRATO, ID_PUESTO, SALARIO, COMISION, ID_SUPERVISOR, 
    ID_DEPARTAMENTO)
 Values
   (158, 'Allan', 'McEwen', 'AMCEWEN', '011.44.1345.829268', 
    '08/01/1996', 'SA_REP', 9000, 0.35, 146, 
    80)
Insert into EMPLEADOS
   (ID_EMPLEADO, NOMBRE, APELLIDO, EMAIL, NUMERO_TELEFONO, 
    FECHA_CONTRATO, ID_PUESTO, SALARIO, COMISION, ID_SUPERVISOR, 
    ID_DEPARTAMENTO)
 Values
   (159, 'Lindsey', 'Smith', 'LSMITH', '011.44.1345.729268', 
    '03/10/1997', 'SA_REP', 8000, 0.3, 146, 
    80)
Insert into EMPLEADOS
   (ID_EMPLEADO, NOMBRE, APELLIDO, EMAIL, NUMERO_TELEFONO, 
    FECHA_CONTRATO, ID_PUESTO, SALARIO, COMISION, ID_SUPERVISOR, 
    ID_DEPARTAMENTO)
 Values
   (160, 'Louise', 'Doran', 'LDORAN', '011.44.1345.629268', 
    '12/15/1997', 'SA_REP', 7500, 0.3, 146, 
    80)
Insert into EMPLEADOS
   (ID_EMPLEADO, NOMBRE, APELLIDO, EMAIL, NUMERO_TELEFONO, 
    FECHA_CONTRATO, ID_PUESTO, SALARIO, COMISION, ID_SUPERVISOR, 
    ID_DEPARTAMENTO)
 Values
   (161, 'Sarath', 'Sewall', 'SSEWALL', '011.44.1345.529268', 
    '11/03/1998', 'SA_REP', 7000, 0.25, 146, 
    80)
Insert into EMPLEADOS
   (ID_EMPLEADO, NOMBRE, APELLIDO, EMAIL, NUMERO_TELEFONO, 
    FECHA_CONTRATO, ID_PUESTO, SALARIO, COMISION, ID_SUPERVISOR, 
    ID_DEPARTAMENTO)
 Values
   (162, 'Clara', 'Vishney', 'CVISHNEY', '011.44.1346.129268', 
    '11/11/1997', 'SA_REP', 10500, 0.25, 147, 
    80)
Insert into EMPLEADOS
   (ID_EMPLEADO, NOMBRE, APELLIDO, EMAIL, NUMERO_TELEFONO, 
    FECHA_CONTRATO, ID_PUESTO, SALARIO, COMISION, ID_SUPERVISOR, 
    ID_DEPARTAMENTO)
 Values
   (163, 'Danielle', 'Greene', 'DGREENE', '011.44.1346.229268', 
    '03/19/1999', 'SA_REP', 9500, 0.15, 147, 
    80)
Insert into EMPLEADOS
   (ID_EMPLEADO, NOMBRE, APELLIDO, EMAIL, NUMERO_TELEFONO, 
    FECHA_CONTRATO, ID_PUESTO, SALARIO, COMISION, ID_SUPERVISOR, 
    ID_DEPARTAMENTO)
 Values
   (164, 'Mattea', 'Marvins', 'MMARVINS', '011.44.1346.329268', 
    '01/24/2000', 'SA_REP', 7200, 0.1, 147, 
    80)
Insert into EMPLEADOS
   (ID_EMPLEADO, NOMBRE, APELLIDO, EMAIL, NUMERO_TELEFONO, 
    FECHA_CONTRATO, ID_PUESTO, SALARIO, COMISION, ID_SUPERVISOR, 
    ID_DEPARTAMENTO)
 Values
   (165, 'David', 'Lee', 'DLEE', '011.44.1346.529268', 
    '02/23/2000', 'SA_REP', 6800, 0.1, 147, 
    80)
Insert into EMPLEADOS
   (ID_EMPLEADO, NOMBRE, APELLIDO, EMAIL, NUMERO_TELEFONO, 
    FECHA_CONTRATO, ID_PUESTO, SALARIO, COMISION, ID_SUPERVISOR, 
    ID_DEPARTAMENTO)
 Values
   (166, 'Sundar', 'Ande', 'SANDE', '011.44.1346.629268', 
    '03/24/2000', 'SA_REP', 6400, 0.1, 147, 
    80)
Insert into EMPLEADOS
   (ID_EMPLEADO, NOMBRE, APELLIDO, EMAIL, NUMERO_TELEFONO, 
    FECHA_CONTRATO, ID_PUESTO, SALARIO, COMISION, ID_SUPERVISOR, 
    ID_DEPARTAMENTO)
 Values
   (167, 'Amit', 'Banda', 'ABANDA', '011.44.1346.729268', 
    '04/21/2000', 'SA_REP', 6200, 0.1, 147, 
    80)
Insert into EMPLEADOS
   (ID_EMPLEADO, NOMBRE, APELLIDO, EMAIL, NUMERO_TELEFONO, 
    FECHA_CONTRATO, ID_PUESTO, SALARIO, COMISION, ID_SUPERVISOR, 
    ID_DEPARTAMENTO)
 Values
   (168, 'Lisa', 'Ozer', 'LOZER', '011.44.1343.929268', 
    '03/11/1997', 'SA_REP', 11500, 0.25, 148, 
    80)
Insert into EMPLEADOS
   (ID_EMPLEADO, NOMBRE, APELLIDO, EMAIL, NUMERO_TELEFONO, 
    FECHA_CONTRATO, ID_PUESTO, SALARIO, COMISION, ID_SUPERVISOR, 
    ID_DEPARTAMENTO)
 Values
   (169, 'Harrison', 'Bloom', 'HBLOOM', '011.44.1343.829268', 
    '03/23/1998', 'SA_REP', 10000, 0.2, 148, 
    80)
Insert into EMPLEADOS
   (ID_EMPLEADO, NOMBRE, APELLIDO, EMAIL, NUMERO_TELEFONO, 
    FECHA_CONTRATO, ID_PUESTO, SALARIO, COMISION, ID_SUPERVISOR, 
    ID_DEPARTAMENTO)
 Values
   (170, 'Tayler', 'Fox', 'TFOX', '011.44.1343.729268', 
    '01/24/1998', 'SA_REP', 9600, 0.2, 148, 
    80)
Insert into EMPLEADOS
   (ID_EMPLEADO, NOMBRE, APELLIDO, EMAIL, NUMERO_TELEFONO, 
    FECHA_CONTRATO, ID_PUESTO, SALARIO, COMISION, ID_SUPERVISOR, 
    ID_DEPARTAMENTO)
 Values
   (171, 'William', 'Smith', 'WSMITH', '011.44.1343.629268', 
    '02/23/1999', 'SA_REP', 7400, 0.15, 148, 
    80)
Insert into EMPLEADOS
   (ID_EMPLEADO, NOMBRE, APELLIDO, EMAIL, NUMERO_TELEFONO, 
    FECHA_CONTRATO, ID_PUESTO, SALARIO, COMISION, ID_SUPERVISOR, 
    ID_DEPARTAMENTO)
 Values
   (172, 'Elizabeth', 'Bates', 'EBATES', '011.44.1343.529268', 
    '03/24/1999', 'SA_REP', 7300, 0.15, 148, 
    80)
Insert into EMPLEADOS
   (ID_EMPLEADO, NOMBRE, APELLIDO, EMAIL, NUMERO_TELEFONO, 
    FECHA_CONTRATO, ID_PUESTO, SALARIO, COMISION, ID_SUPERVISOR, 
    ID_DEPARTAMENTO)
 Values
   (173, 'Sundita', 'Kumar', 'SKUMAR', '011.44.1343.329268', 
    '04/21/2000', 'SA_REP', 6100, 0.1, 148, 
    80)
Insert into EMPLEADOS
   (ID_EMPLEADO, NOMBRE, APELLIDO, EMAIL, NUMERO_TELEFONO, 
    FECHA_CONTRATO, ID_PUESTO, SALARIO, COMISION, ID_SUPERVISOR, 
    ID_DEPARTAMENTO)
 Values
   (174, 'Ellen', 'Abel', 'EABEL', '011.44.1644.429267', 
    '05/11/1996', 'SA_REP', 11000, 0.3, 149, 
    80)
Insert into EMPLEADOS
   (ID_EMPLEADO, NOMBRE, APELLIDO, EMAIL, NUMERO_TELEFONO, 
    FECHA_CONTRATO, ID_PUESTO, SALARIO, COMISION, ID_SUPERVISOR, 
    ID_DEPARTAMENTO)
 Values
   (175, 'Alyssa', 'Hutton', 'AHUTTON', '011.44.1644.429266', 
    '03/19/1997', 'SA_REP', 8800, 0.25, 149, 
    80)
Insert into EMPLEADOS
   (ID_EMPLEADO, NOMBRE, APELLIDO, EMAIL, NUMERO_TELEFONO, 
    FECHA_CONTRATO, ID_PUESTO, SALARIO, COMISION, ID_SUPERVISOR, 
    ID_DEPARTAMENTO)
 Values
   (176, 'Jonathon', 'Taylor', 'JTAYLOR', '011.44.1644.429265', 
    '03/24/1998', 'SA_REP', 8600, 0.2, 149, 
    80)
Insert into EMPLEADOS
   (ID_EMPLEADO, NOMBRE, APELLIDO, EMAIL, NUMERO_TELEFONO, 
    FECHA_CONTRATO, ID_PUESTO, SALARIO, COMISION, ID_SUPERVISOR, 
    ID_DEPARTAMENTO)
 Values
   (177, 'Jack', 'Livingston', 'JLIVINGS', '011.44.1644.429264', 
    '04/23/1998', 'SA_REP', 8400, 0.2, 149, 
    80)
Insert into EMPLEADOS
   (ID_EMPLEADO, NOMBRE, APELLIDO, EMAIL, NUMERO_TELEFONO, 
    FECHA_CONTRATO, ID_PUESTO, SALARIO, COMISION, ID_SUPERVISOR)
 Values
   (178, 'Kimberely', 'Grant', 'KGRANT', '011.44.1644.429263', 
    '05/24/1999', 'SA_REP', 7000, 0.15, 149)
Insert into EMPLEADOS
   (ID_EMPLEADO, NOMBRE, APELLIDO, EMAIL, NUMERO_TELEFONO, 
    FECHA_CONTRATO, ID_PUESTO, SALARIO, COMISION, ID_SUPERVISOR, 
    ID_DEPARTAMENTO)
 Values
   (179, 'Charles', 'Johnson', 'CJOHNSON', '011.44.1644.429262', 
    '01/04/2000', 'SA_REP', 6200, 0.1, 149, 
    80)
Insert into EMPLEADOS
   (ID_EMPLEADO, NOMBRE, APELLIDO, EMAIL, NUMERO_TELEFONO, 
    FECHA_CONTRATO, ID_PUESTO, SALARIO, ID_SUPERVISOR, ID_DEPARTAMENTO)
 Values
   (180, 'Winston', 'Taylor', 'WTAYLOR', '650.507.9876', 
    '01/24/1998', 'SH_CLERK', 3200, 120, 50)
Insert into EMPLEADOS
   (ID_EMPLEADO, NOMBRE, APELLIDO, EMAIL, NUMERO_TELEFONO, 
    FECHA_CONTRATO, ID_PUESTO, SALARIO, ID_SUPERVISOR, ID_DEPARTAMENTO)
 Values
   (181, 'Jean', 'Fleaur', 'JFLEAUR', '650.507.9877', 
    '02/23/1998', 'SH_CLERK', 3100, 120, 50)
Insert into EMPLEADOS
   (ID_EMPLEADO, NOMBRE, APELLIDO, EMAIL, NUMERO_TELEFONO, 
    FECHA_CONTRATO, ID_PUESTO, SALARIO, ID_SUPERVISOR, ID_DEPARTAMENTO)
 Values
   (182, 'Martha', 'Sullivan', 'MSULLIVA', '650.507.9878', 
    '06/21/1999', 'SH_CLERK', 2500, 120, 50)
Insert into EMPLEADOS
   (ID_EMPLEADO, NOMBRE, APELLIDO, EMAIL, NUMERO_TELEFONO, 
    FECHA_CONTRATO, ID_PUESTO, SALARIO, ID_SUPERVISOR, ID_DEPARTAMENTO)
 Values
   (183, 'Girard', 'Geoni', 'GGEONI', '650.507.9879', 
    '02/03/2000', 'SH_CLERK', 2800, 120, 50)
Insert into EMPLEADOS
   (ID_EMPLEADO, NOMBRE, APELLIDO, EMAIL, NUMERO_TELEFONO, 
    FECHA_CONTRATO, ID_PUESTO, SALARIO, ID_SUPERVISOR, ID_DEPARTAMENTO)
 Values
   (184, 'Nandita', 'Sarchand', 'NSARCHAN', '650.509.1876', 
    '01/27/1996', 'SH_CLERK', 4200, 121, 50)
Insert into EMPLEADOS
   (ID_EMPLEADO, NOMBRE, APELLIDO, EMAIL, NUMERO_TELEFONO, 
    FECHA_CONTRATO, ID_PUESTO, SALARIO, ID_SUPERVISOR, ID_DEPARTAMENTO)
 Values
   (185, 'Alexis', 'Bull', 'ABULL', '650.509.2876', 
    '02/20/1997', 'SH_CLERK', 4100, 121, 50)
Insert into EMPLEADOS
   (ID_EMPLEADO, NOMBRE, APELLIDO, EMAIL, NUMERO_TELEFONO, 
    FECHA_CONTRATO, ID_PUESTO, SALARIO, ID_SUPERVISOR, ID_DEPARTAMENTO)
 Values
   (186, 'Julia', 'Dellinger', 'JDELLING', '650.509.3876', 
    '06/24/1998', 'SH_CLERK', 3400, 121, 50)
Insert into EMPLEADOS
   (ID_EMPLEADO, NOMBRE, APELLIDO, EMAIL, NUMERO_TELEFONO, 
    FECHA_CONTRATO, ID_PUESTO, SALARIO, ID_SUPERVISOR, ID_DEPARTAMENTO)
 Values
   (187, 'Anthony', 'Cabrio', 'ACABRIO', '650.509.4876', 
    '02/07/1999', 'SH_CLERK', 3000, 121, 50)
Insert into EMPLEADOS
   (ID_EMPLEADO, NOMBRE, APELLIDO, EMAIL, NUMERO_TELEFONO, 
    FECHA_CONTRATO, ID_PUESTO, SALARIO, ID_SUPERVISOR, ID_DEPARTAMENTO)
 Values
   (188, 'Kelly', 'Chung', 'KCHUNG', '650.505.1876', 
    '06/14/1997', 'SH_CLERK', 3800, 122, 50)
Insert into EMPLEADOS
   (ID_EMPLEADO, NOMBRE, APELLIDO, EMAIL, NUMERO_TELEFONO, 
    FECHA_CONTRATO, ID_PUESTO, SALARIO, ID_SUPERVISOR, ID_DEPARTAMENTO)
 Values
   (189, 'Jennifer', 'Dilly', 'JDILLY', '650.505.2876', 
    '08/13/1997', 'SH_CLERK', 3600, 122, 50)
Insert into EMPLEADOS
   (ID_EMPLEADO, NOMBRE, APELLIDO, EMAIL, NUMERO_TELEFONO, 
    FECHA_CONTRATO, ID_PUESTO, SALARIO, ID_SUPERVISOR, ID_DEPARTAMENTO)
 Values
   (190, 'Timothy', 'Gates', 'TGATES', '650.505.3876', 
    '07/11/1998', 'SH_CLERK', 2900, 122, 50)
Insert into EMPLEADOS
   (ID_EMPLEADO, NOMBRE, APELLIDO, EMAIL, NUMERO_TELEFONO, 
    FECHA_CONTRATO, ID_PUESTO, SALARIO, ID_SUPERVISOR, ID_DEPARTAMENTO)
 Values
   (191, 'Randall', 'Perkins', 'RPERKINS', '650.505.4876', 
    '12/19/1999', 'SH_CLERK', 2500, 122, 50)
Insert into EMPLEADOS
   (ID_EMPLEADO, NOMBRE, APELLIDO, EMAIL, NUMERO_TELEFONO, 
    FECHA_CONTRATO, ID_PUESTO, SALARIO, ID_SUPERVISOR, ID_DEPARTAMENTO)
 Values
   (192, 'Sarah', 'Bell', 'SBELL', '650.501.1876', 
    '02/04/1996', 'SH_CLERK', 4000, 123, 50)
Insert into EMPLEADOS
   (ID_EMPLEADO, NOMBRE, APELLIDO, EMAIL, NUMERO_TELEFONO, 
    FECHA_CONTRATO, ID_PUESTO, SALARIO, ID_SUPERVISOR, ID_DEPARTAMENTO)
 Values
   (193, 'Britney', 'Everett', 'BEVERETT', '650.501.2876', 
    '03/03/1997', 'SH_CLERK', 3900, 123, 50)
Insert into EMPLEADOS
   (ID_EMPLEADO, NOMBRE, APELLIDO, EMAIL, NUMERO_TELEFONO, 
    FECHA_CONTRATO, ID_PUESTO, SALARIO, ID_SUPERVISOR, ID_DEPARTAMENTO)
 Values
   (194, 'Samuel', 'McCain', 'SMCCAIN', '650.501.3876', 
    '07/01/1998', 'SH_CLERK', 3200, 123, 50)
Insert into EMPLEADOS
   (ID_EMPLEADO, NOMBRE, APELLIDO, EMAIL, NUMERO_TELEFONO, 
    FECHA_CONTRATO, ID_PUESTO, SALARIO, ID_SUPERVISOR, ID_DEPARTAMENTO)
 Values
   (195, 'Vance', 'Jones', 'VJONES', '650.501.4876', 
    '03/17/1999', 'SH_CLERK', 2800, 123, 50)
Insert into EMPLEADOS
   (ID_EMPLEADO, NOMBRE, APELLIDO, EMAIL, NUMERO_TELEFONO, 
    FECHA_CONTRATO, ID_PUESTO, SALARIO, ID_SUPERVISOR, ID_DEPARTAMENTO)
 Values
   (196, 'Alana', 'Walsh', 'AWALSH', '650.507.9811', 
    '04/24/1998', 'SH_CLERK', 3100, 124, 50)
Insert into EMPLEADOS
   (ID_EMPLEADO, NOMBRE, APELLIDO, EMAIL, NUMERO_TELEFONO, 
    FECHA_CONTRATO, ID_PUESTO, SALARIO, ID_SUPERVISOR, ID_DEPARTAMENTO)
 Values
   (197, 'Kevin', 'Feeney', 'KFEENEY', '650.507.9822', 
    '05/23/1998', 'SH_CLERK', 3000, 124, 50)
Insert into EMPLEADOS
   (ID_EMPLEADO, NOMBRE, APELLIDO, EMAIL, NUMERO_TELEFONO, 
    FECHA_CONTRATO, ID_PUESTO, SALARIO, ID_SUPERVISOR, ID_DEPARTAMENTO)
 Values
   (198, 'Donald', 'OConnell', 'DOCONNEL', '650.507.9833', 
    '06/21/1999', 'SH_CLERK', 2600, 124, 50)
Insert into EMPLEADOS
   (ID_EMPLEADO, NOMBRE, APELLIDO, EMAIL, NUMERO_TELEFONO, 
    FECHA_CONTRATO, ID_PUESTO, SALARIO, ID_SUPERVISOR, ID_DEPARTAMENTO)
 Values
   (199, 'Douglas', 'Grant', 'DGRANT', '650.507.9844', 
    '01/13/2000', 'SH_CLERK', 2600, 124, 50)
Insert into EMPLEADOS
   (ID_EMPLEADO, NOMBRE, APELLIDO, EMAIL, NUMERO_TELEFONO, 
    FECHA_CONTRATO, ID_PUESTO, SALARIO, ID_SUPERVISOR, ID_DEPARTAMENTO)
 Values
   (200, 'Jennifer', 'Whalen', 'JWHALEN', '515.123.4444', 
    '09/17/1987', 'AD_ASST', 4400, 101, 10)
Insert into EMPLEADOS
   (ID_EMPLEADO, NOMBRE, APELLIDO, EMAIL, NUMERO_TELEFONO, 
    FECHA_CONTRATO, ID_PUESTO, SALARIO, ID_SUPERVISOR, ID_DEPARTAMENTO)
 Values
   (201, 'Michael', 'Hartstein', 'MHARTSTE', '515.123.5555', 
    '02/17/1996', 'MK_MAN', 13000, 100, 20)
Insert into EMPLEADOS
   (ID_EMPLEADO, NOMBRE, APELLIDO, EMAIL, NUMERO_TELEFONO, 
    FECHA_CONTRATO, ID_PUESTO, SALARIO, ID_SUPERVISOR, ID_DEPARTAMENTO)
 Values
   (202, 'Pat', 'Fay', 'PFAY', '603.123.6666', 
    '08/17/1997', 'MK_REP', 6000, 201, 20)
Insert into EMPLEADOS
   (ID_EMPLEADO, NOMBRE, APELLIDO, EMAIL, NUMERO_TELEFONO, 
    FECHA_CONTRATO, ID_PUESTO, SALARIO, ID_SUPERVISOR, ID_DEPARTAMENTO)
 Values
   (203, 'Susan', 'Mavris', 'SMAVRIS', '515.123.7777', 
    '06/07/1994', 'HR_REP', 6500, 101, 40)
Insert into EMPLEADOS
   (ID_EMPLEADO, NOMBRE, APELLIDO, EMAIL, NUMERO_TELEFONO, 
    FECHA_CONTRATO, ID_PUESTO, SALARIO, ID_SUPERVISOR, ID_DEPARTAMENTO)
 Values
   (204, 'Hermann', 'Baer', 'HBAER', '515.123.8888', 
    '06/07/1994', 'PR_REP', 10000, 101, 70)
Insert into EMPLEADOS
   (ID_EMPLEADO, NOMBRE, APELLIDO, EMAIL, NUMERO_TELEFONO, 
    FECHA_CONTRATO, ID_PUESTO, SALARIO, ID_SUPERVISOR, ID_DEPARTAMENTO)
 Values
   (205, 'Shelley', 'Higgins', 'SHIGGINS', '515.123.8080', 
    '06/07/1994', 'AC_MGR', 12000, 101, 110)
Insert into EMPLEADOS
   (ID_EMPLEADO, NOMBRE, APELLIDO, EMAIL, NUMERO_TELEFONO, 
    FECHA_CONTRATO, ID_PUESTO, SALARIO, ID_SUPERVISOR, ID_DEPARTAMENTO)
 Values
   (206, 'William', 'Gietz', 'WGIETZ', '515.123.8181', 
    '06/07/1994', 'AC_ACCOUNT', 8300, 205, 110)






Insert into HISTORICO
   (ID_EMPLEADO, FECHA_INICIO, FECHA_FIN, ID_PUESTO, ID_DEPARTAMENTO)
 Values
   (102, '01/13/1993', '07/24/1998', 'IT_PROG', 60)
Insert into HISTORICO
   (ID_EMPLEADO, FECHA_INICIO, FECHA_FIN, ID_PUESTO, ID_DEPARTAMENTO)
 Values
   (101, '09/21/1989', '10/27/1993', 'AC_ACCOUNT', 110)
Insert into HISTORICO
   (ID_EMPLEADO, FECHA_INICIO, FECHA_FIN, ID_PUESTO, ID_DEPARTAMENTO)
 Values
   (101, '10/28/1993', '03/15/1997', 'AC_MGR', 110)
Insert into HISTORICO
   (ID_EMPLEADO, FECHA_INICIO, FECHA_FIN, ID_PUESTO, ID_DEPARTAMENTO)
 Values
   (201, '02/17/1996', '12/19/1999', 'MK_REP', 20)
Insert into HISTORICO
   (ID_EMPLEADO, FECHA_INICIO, FECHA_FIN, ID_PUESTO, ID_DEPARTAMENTO)
 Values
   (114, '03/24/1998', '12/31/1999', 'ST_CLERK', 50)
Insert into HISTORICO
   (ID_EMPLEADO, FECHA_INICIO, FECHA_FIN, ID_PUESTO, ID_DEPARTAMENTO)
 Values
   (122, '01/01/1999', '12/31/1999', 'ST_CLERK', 50)
Insert into HISTORICO
   (ID_EMPLEADO, FECHA_INICIO, FECHA_FIN, ID_PUESTO, ID_DEPARTAMENTO)
 Values
   (200, '09/17/1987', '06/17/1993', 'AD_ASST', 90)
Insert into HISTORICO
   (ID_EMPLEADO, FECHA_INICIO, FECHA_FIN, ID_PUESTO, ID_DEPARTAMENTO)
 Values
   (176, '03/24/1998', '12/31/1998', 'SA_REP', 80)
Insert into HISTORICO
   (ID_EMPLEADO, FECHA_INICIO, FECHA_FIN, ID_PUESTO, ID_DEPARTAMENTO)
 Values
   (176, '01/01/1999', '12/31/1999', 'SA_MAN', 80)
Insert into HISTORICO
   (ID_EMPLEADO, FECHA_INICIO, FECHA_FIN, ID_PUESTO, ID_DEPARTAMENTO)
 Values
   (200, '07/01/1994', '12/31/1998', 'AC_ACCOUNT', 90)





Insert into puestos
   (ID_PUESTO, TITULO_PUESTO, SALARIO_MINIMO, SALARIO_MAXIMO)
 Values
   ('AD_PRES', 'President', 20000, 40000)
Insert into puestos
   (ID_PUESTO, TITULO_PUESTO, SALARIO_MINIMO, SALARIO_MAXIMO)
 Values
   ('AD_VP', 'Administration Vice President', 15000, 30000)
Insert into puestos
   (ID_PUESTO, TITULO_PUESTO, SALARIO_MINIMO, SALARIO_MAXIMO)
 Values
   ('AD_ASST', 'Administration Assistant', 3000, 6000)
Insert into puestos
   (ID_PUESTO, TITULO_PUESTO, SALARIO_MINIMO, SALARIO_MAXIMO)
 Values
   ('FI_MGR', 'Finance Manager', 8200, 16000)
Insert into puestos
   (ID_PUESTO, TITULO_PUESTO, SALARIO_MINIMO, SALARIO_MAXIMO)
 Values
   ('FI_ACCOUNT', 'Accountant', 4200, 9000)
Insert into puestos
   (ID_PUESTO, TITULO_PUESTO, SALARIO_MINIMO, SALARIO_MAXIMO)
 Values
   ('AC_MGR', 'Accounting Manager', 8200, 16000)
Insert into puestos
   (ID_PUESTO, TITULO_PUESTO, SALARIO_MINIMO, SALARIO_MAXIMO)
 Values
   ('AC_ACCOUNT', 'Public Accountant', 4200, 9000)
Insert into puestos
   (ID_PUESTO, TITULO_PUESTO, SALARIO_MINIMO, SALARIO_MAXIMO)
 Values
   ('SA_MAN', 'Sales Manager', 10000, 20000)
Insert into puestos
   (ID_PUESTO, TITULO_PUESTO, SALARIO_MINIMO, SALARIO_MAXIMO)
 Values
   ('SA_REP', 'Sales Representative', 6000, 12000)
Insert into puestos
   (ID_PUESTO, TITULO_PUESTO, SALARIO_MINIMO, SALARIO_MAXIMO)
 Values
   ('PU_MAN', 'Purchasing Manager', 8000, 15000)
Insert into puestos
   (ID_PUESTO, TITULO_PUESTO, SALARIO_MINIMO, SALARIO_MAXIMO)
 Values
   ('PU_CLERK', 'Purchasing Clerk', 2500, 5500)
Insert into puestos
   (ID_PUESTO, TITULO_PUESTO, SALARIO_MINIMO, SALARIO_MAXIMO)
 Values
   ('ST_MAN', 'Stock Manager', 5500, 8500)
Insert into puestos
   (ID_PUESTO, TITULO_PUESTO, SALARIO_MINIMO, SALARIO_MAXIMO)
 Values
   ('ST_CLERK', 'Stock Clerk', 2000, 5000)
Insert into puestos
   (ID_PUESTO, TITULO_PUESTO, SALARIO_MINIMO, SALARIO_MAXIMO)
 Values
   ('SH_CLERK', 'Shipping Clerk', 2500, 5500)
Insert into puestos
   (ID_PUESTO, TITULO_PUESTO, SALARIO_MINIMO, SALARIO_MAXIMO)
 Values
   ('IT_PROG', 'Programmer', 4000, 10000)
Insert into puestos
   (ID_PUESTO, TITULO_PUESTO, SALARIO_MINIMO, SALARIO_MAXIMO)
 Values
   ('MK_MAN', 'Marketing Manager', 9000, 15000)
Insert into puestos
   (ID_PUESTO, TITULO_PUESTO, SALARIO_MINIMO, SALARIO_MAXIMO)
 Values
   ('MK_REP', 'Marketing Representative', 4000, 9000)
Insert into puestos
   (ID_PUESTO, TITULO_PUESTO, SALARIO_MINIMO, SALARIO_MAXIMO)
 Values
   ('HR_REP', 'Human Resources Representative', 4000, 9000)
Insert into puestos
   (ID_PUESTO, TITULO_PUESTO, SALARIO_MINIMO, SALARIO_MAXIMO)
 Values
   ('PR_REP', 'Public Relations Representative', 4500, 10500)




Insert into LOCACIONES
   (ID_LOCACION, DIRECCION, CODIGO_POSTAL, CIUDAD, ID_PAIS)
 Values
   (1000, '1297 Via Cola di Rie', '00989', 'Roma', 'IT')
Insert into LOCACIONES
   (ID_LOCACION, DIRECCION, CODIGO_POSTAL, CIUDAD, ID_PAIS)
 Values
   (1100, '93091 Calle della Testa', '10934', 'Venice', 'IT')
Insert into LOCACIONES
   (ID_LOCACION, DIRECCION, CODIGO_POSTAL, CIUDAD, PROVINCIA, 
    ID_PAIS)
 Values
   (1200, '2017 Shinjuku-ku', '1689', 'Tokyo', 'Tokyo Prefecture', 
    'JP')
Insert into LOCACIONES
   (ID_LOCACION, DIRECCION, CODIGO_POSTAL, CIUDAD, ID_PAIS)
 Values
   (1300, '9450 Kamiya-cho', '6823', 'Hiroshima', 'JP')
Insert into LOCACIONES
   (ID_LOCACION, DIRECCION, CODIGO_POSTAL, CIUDAD, PROVINCIA, 
    ID_PAIS)
 Values
   (1400, '2014 Jabberwocky Rd', '26192', 'Southlake', 'Texas', 
    'US')
Insert into LOCACIONES
   (ID_LOCACION, DIRECCION, CODIGO_POSTAL, CIUDAD, PROVINCIA, 
    ID_PAIS)
 Values
   (1500, '2011 Interiors Blvd', '99236', 'South San Francisco', 'California', 
    'US')
Insert into LOCACIONES
   (ID_LOCACION, DIRECCION, CODIGO_POSTAL, CIUDAD, PROVINCIA, 
    ID_PAIS)
 Values
   (1600, '2007 Zagora St', '50090', 'South Brunswick', 'New Jersey', 
    'US')
Insert into LOCACIONES
   (ID_LOCACION, DIRECCION, CODIGO_POSTAL, CIUDAD, PROVINCIA, 
    ID_PAIS)
 Values
   (1700, '2004 Charade Rd', '98199', 'Seattle', 'Washington', 
    'US')
Insert into LOCACIONES
   (ID_LOCACION, DIRECCION, CODIGO_POSTAL, CIUDAD, PROVINCIA, 
    ID_PAIS)
 Values
   (1800, '147 Spadina Ave', 'M5V 2L7', 'Toronto', 'Ontario', 
    'CA')
Insert into LOCACIONES
   (ID_LOCACION, DIRECCION, CODIGO_POSTAL, CIUDAD, PROVINCIA, 
    ID_PAIS)
 Values
   (1900, '6092 Boxwood St', 'YSW 9T2', 'Whitehorse', 'Yukon', 
    'CA')
Insert into LOCACIONES
   (ID_LOCACION, DIRECCION, CODIGO_POSTAL, CIUDAD, ID_PAIS)
 Values
   (2000, '40-5-12 Laogianggen', '190518', 'Beijing', 'CN')
Insert into LOCACIONES
   (ID_LOCACION, DIRECCION, CODIGO_POSTAL, CIUDAD, PROVINCIA, 
    ID_PAIS)
 Values
   (2100, '1298 Vileparle (E)', '490231', 'Bombay', 'Maharashtra', 
    'IN')
Insert into LOCACIONES
   (ID_LOCACION, DIRECCION, CODIGO_POSTAL, CIUDAD, PROVINCIA, 
    ID_PAIS)
 Values
   (2200, '12-98 Victoria Street', '2901', 'Sydney', 'New South Wales', 
    'AU')
Insert into LOCACIONES
   (ID_LOCACION, DIRECCION, CODIGO_POSTAL, CIUDAD, ID_PAIS)
 Values
   (2300, '198 Clementi North', '540198', 'Singapore', 'SG')
Insert into LOCACIONES
   (ID_LOCACION, DIRECCION, CIUDAD, ID_PAIS)
 Values
   (2400, '8204 Arthur St', 'London', 'UK')
Insert into LOCACIONES
   (ID_LOCACION, DIRECCION, CODIGO_POSTAL, CIUDAD, PROVINCIA, 
    ID_PAIS)
 Values
   (2500, 'Magdalen Centre, The Oxford Science Park', 'OX9 9ZB', 'Oxford', 'Oxford', 
    'UK')
Insert into LOCACIONES
   (ID_LOCACION, DIRECCION, CODIGO_POSTAL, CIUDAD, PROVINCIA, 
    ID_PAIS)
 Values
   (2600, '9702 Chester Road', '09629850293', 'Stretford', 'Manchester', 
    'UK')
Insert into LOCACIONES
   (ID_LOCACION, DIRECCION, CODIGO_POSTAL, CIUDAD, PROVINCIA, 
    ID_PAIS)
 Values
   (2700, 'Schwanthalerstr. 7031', '80925', 'Munich', 'Bavaria', 
    'DE')
Insert into LOCACIONES
   (ID_LOCACION, DIRECCION, CODIGO_POSTAL, CIUDAD, PROVINCIA, 
    ID_PAIS)
 Values
   (2800, 'Rua Frei Caneca 1360 ', '01307-002', 'Sao Paulo', 'Sao Paulo', 
    'BR')
Insert into LOCACIONES
   (ID_LOCACION, DIRECCION, CODIGO_POSTAL, CIUDAD, PROVINCIA, 
    ID_PAIS)
 Values
   (2900, '20 Rue des Corps-Saints', '1730', 'Geneva', 'Geneve', 
    'CH')
Insert into LOCACIONES
   (ID_LOCACION, DIRECCION, CODIGO_POSTAL, CIUDAD, PROVINCIA, 
    ID_PAIS)
 Values
   (3000, 'Murtenstrasse 921', '3095', 'Bern', 'BE', 
    'CH')
Insert into LOCACIONES
   (ID_LOCACION, DIRECCION, CODIGO_POSTAL, CIUDAD, PROVINCIA, 
    ID_PAIS)
 Values
   (3100, 'Pieter Breughelstraat 837', '3029SK', 'Utrecht', 'Utrecht', 
    'NL')
Insert into LOCACIONES
   (ID_LOCACION, DIRECCION, CODIGO_POSTAL, CIUDAD, PROVINCIA, 
    ID_PAIS)
 Values
   (3200, 'Mariano Escobedo 9991', '11932', 'Mexico CIUDAD', 'Distrito Federal,', 
    'MX')





Insert into REGIONES
   (ID_REGION, NOMBRE_REGION)
 Values
   (1, 'Europe')
Insert into REGIONES
   (ID_REGION, NOMBRE_REGION)
 Values
   (2, 'Americas')
Insert into REGIONES
   (ID_REGION, NOMBRE_REGION)
 Values
   (3, 'Asia')
Insert into REGIONES
   (ID_REGION, NOMBRE_REGION)
 Values
   (4, 'Middle East and Africa')